ub,lb
12648.6792558868,12490.8355869976
12648.6792558868,12648.6792558868
