ub,lb
15476.5132542834,15307.1150082326
15476.5132542834,15476.5132542834
