ub,lb
11542.893147718,9762.33203766916
11328.6213664575,11328.6213664575
