ub,lb
18230.2255289285,15307.1150082326
17573.3384506637,17057.4728664796
17265.7751265146,17189.6372500413
17265.7751265146,17194.4474227711
17265.7751265146,17254.4744702164
