ub,lb
9915.57754190972,9762.33203766916
9915.57754190972,9915.57754190972
