{"routes": [[132, 170, 159, 156, 225, 46, 132], [132, 233, 157, 158, 139, 132], [132, 100, 181, 67, 88, 247, 154, 132], [132, 107, 72, 226, 132], [132, 262, 240, 138, 233, 142, 132], [132, 236, 227, 234, 132], [132, 61, 182, 176, 132], [132, 226, 147, 143, 208, 132], [132, 87, 257, 13, 132], [132, 255, 254, 132], [132, 230, 132], [132, 138, 112, 162, 132], [132, 145, 108, 132], [132, 225, 21, 47, 132], [132, 234, 109, 89, 132], [132, 140, 224, 132], [132, 161, 132], [132, 50, 244, 132], [132, 65, 15, 132], [138, 162, 156, 225, 46, 141, 138], [138, 170, 159, 181, 88, 247, 154, 141, 138], [138, 141, 233, 158, 141, 138], [138, 263, 232, 227, 139, 141, 138], [138, 100, 67, 244, 141, 138], [138, 233, 82, 141, 138], [138, 148, 143, 226, 141, 138], [138, 107, 72, 141, 138], [138, 230, 141, 138], [138, 13, 257, 141, 138], [138, 161, 141, 138], [138, 132, 141, 138], [138, 226, 96, 176, 141, 138], [138, 262, 234, 141, 138], [138, 162, 141, 138], [138, 234, 109, 141, 138], [138, 49, 59, 141, 138], [138, 74, 40, 162, 141, 138], [138, 33, 15, 141, 138], [186, 234, 103, 132, 181, 186], [186, 170, 141, 181, 186], [186, 161, 233, 138, 181, 186], [186, 162, 232, 181, 186], [186, 48, 139, 181, 186], [186, 163, 224, 181, 186], [186, 68, 48, 40, 181, 186], [186, 249, 13, 257, 181, 186], [186, 161, 181, 186], [186, 162, 181, 186]], "nums": [75.0, 75.0, 90.0, 75.0, 75.0, 75.0, 75.0, 75.0, 75.0, 60.0, 45.0, 75.0, 60.0, 75.0, 75.0, 60.0, 45.0, 75.0, 75.0, 60.0, 60.0, 45.0, 60.0, 60.0, 60.0, 60.0, 45.0, 30.0, 60.0, 30.0, 45.0, 60.0, 45.0, 30.0, 45.0, 60.0, 45.0, 60.0, 75.0, 45.0, 45.0, 45.0, 30.0, 30.0, 45.0, 45.0, 15.0, 15.0], "gaps": [27.55, 29.560000000000002, 25.91388888888889, 29.816666666666663, 29.660000000000004, 27.690000000000005, 27.78666666666667, 28.336666666666666, 26.923333333333336, 27.495833333333334, 26.938888888888886, 28.32, 24.658333333333335, 24.963333333333335, 29.333333333333336, 28.74583333333333, 24.494444444444444, 28.559999999999995, 27.15, 23.45, 27.579166666666666, 28.844444444444445, 24.025, 25.304166666666667, 22.629166666666666, 25.7375, 25.105555555555554, 27.291666666666668, 23.0125, 23.625, 23.849999999999998, 26.900000000000002, 28.37222222222222, 21.375, 28.26111111111111, 26.35, 29.322222222222223, 22.7625, 24.92666666666667, 25.994444444444444, 22.7, 24.649999999999995, 27.325000000000003, 27.608333333333334, 30.005555555555556, 22.055555555555557, 22.433333333333334, 27.416666666666664], "names": [1140000, 1140001, 1140002, 1140003, 1140004, 1140005, 1140006, 1140007, 1140008, 1140009, 1140010, 1140011, 1140012, 1140013, 1140014, 1140015, 1140016, 1140017, 1140019, 1200000, 1200001, 1200002, 1200003, 1200004, 1200005, 1200006, 1200007, 1200008, 1200009, 1200010, 1200011, 1200012, 1200013, 1200014, 1200015, 1200016, 1200018, 1200019, 1640000, 1640001, 1640002, 1640003, 1640006, 1640007, 1640009, 1640010, 1640014, 1640016]}